state,variant,query,mode,t_plan_p95,t_total_p95,baseline_t_plan_p95,baseline_t_total_p95,PlanningSpeedup,TotalTimeSpeedup
S1,baseline,q_alt,cold,0.00263151158024759,0.026044841594528936,0.00263151158024759,0.026044841594528936,1.0,1.0
S1,baseline,q_alt,warm,0.0026342467405572746,0.02537211580510782,0.0026342467405572746,0.02537211580510782,1.0,1.0
S1,baseline,q_empty,cold,0.00265587835373641,0.00265587835373641,0.00265587835373641,0.00265587835373641,1.0,1.0
S1,baseline,q_empty,warm,0.002390724831453415,0.002390724831453415,0.002390724831453415,0.002390724831453415,1.0,1.0
S1,baseline,q_main,cold,0.002541943758509775,0.025956273096712647,0.002541943758509775,0.025956273096712647,1.0,1.0
S1,baseline,q_main,warm,0.0025577742984284747,0.02473016857669285,0.0025577742984284747,0.02473016857669285,1.0,1.0
S1,opt_a_checkpoint,q_alt,cold,0.000859531569526975,0.024091216587320524,0.00263151158024759,0.026044841594528936,3.0615647796343146,1.081092833154662
S1,opt_a_checkpoint,q_alt,warm,0.0007651199339886649,0.02449552158486777,0.0026342467405572746,0.02537211580510782,3.442920022779462,1.0357858973201686
S1,opt_a_checkpoint,q_empty,cold,0.000857844575769245,0.000857844575769245,0.00265587835373641,0.00265587835373641,3.095990146414151,3.095990146414151
S1,opt_a_checkpoint,q_empty,warm,0.00087397642300483,0.00087397642300483,0.002390724831453415,0.002390724831453415,2.735456893944384,2.735456893944384
S1,opt_a_checkpoint,q_main,cold,0.000845169824782985,0.022649847712838025,0.002541943758509775,0.025956273096712647,3.0076130074360763,1.1459800271416627
S1,opt_a_checkpoint,q_main,warm,0.0008546484699288949,0.024741271701903125,0.0025577742984284747,0.02473016857669285,2.9927793571563717,0.9995512306180518
S1,opt_b_sorted,q_alt,cold,0.000343803355002165,0.023502631074784414,0.00263151158024759,0.026044841594528936,7.6541183847115715,1.108167060600803
S1,opt_b_sorted,q_alt,warm,0.00035727042209441495,0.0238112452737846,0.0026342467405572746,0.02537211580510782,7.373257279778758,1.0655518228205263
S1,opt_b_sorted,q_empty,cold,0.00035090171208156497,0.00035090171208156497,0.00265587835373641,0.00265587835373641,7.5687244099825515,7.5687244099825515
S1,opt_b_sorted,q_empty,warm,0.00036019075127112,0.00036019075127112,0.002390724831453415,0.002390724831453415,6.637385393757341,6.637385393757341
S1,opt_b_sorted,q_main,cold,0.000353922762859765,0.000567775374471185,0.002541943758509775,0.025956273096712647,7.182199127206098,45.715742992354706
S1,opt_b_sorted,q_main,warm,0.00035226282554145,0.000557032048542495,0.0025577742984284747,0.02473016857669285,7.2609827463258885,44.39631192029381
S2,baseline,q_alt,cold,0.022780596442069406,0.24971713888161873,0.022780596442069406,0.24971713888161873,1.0,1.0
S2,baseline,q_alt,warm,0.024460726143330995,0.24501758642329238,0.024460726143330995,0.24501758642329238,1.0,1.0
S2,baseline,q_empty,cold,0.02666706875273017,0.02666706875273017,0.02666706875273017,0.02666706875273017,1.0,1.0
S2,baseline,q_empty,warm,0.024977936632994427,0.024977936632994427,0.024977936632994427,0.024977936632994427,1.0,1.0
S2,baseline,q_main,cold,0.02378770306695547,0.24277410626483853,0.02378770306695547,0.24277410626483853,1.0,1.0
S2,baseline,q_main,warm,0.024846330356801453,0.2504296710133728,0.024846330356801453,0.2504296710133728,1.0,1.0
S2,opt_a_checkpoint,q_alt,cold,0.00811982130496865,0.22604753127439145,0.022780596442069406,0.24971713888161873,2.805553913868719,1.1047107547416457
S2,opt_a_checkpoint,q_alt,warm,0.008206265158767495,0.23039792690883748,0.024460726143330995,0.24501758642329238,2.9807379691110016,1.0634539542547166
S2,opt_a_checkpoint,q_empty,cold,0.008499358013638894,0.008499358013638894,0.02666706875273017,0.02666706875273017,3.137539177657607,3.137539177657607
S2,opt_a_checkpoint,q_empty,warm,0.00837468494332452,0.00837468494332452,0.024977936632994427,0.024977936632994427,2.9825523947506105,2.9825523947506105
S2,opt_a_checkpoint,q_main,cold,0.008178825729130205,0.24201617641484305,0.02378770306695547,0.24277410626483853,2.9084496790574392,1.0031317321892415
S2,opt_a_checkpoint,q_main,warm,0.008511238682068895,0.23345533026156737,0.024846330356801453,0.2504296710133728,2.919237878870277,1.072709159104601
S2,opt_b_sorted,q_alt,cold,0.00344953803028565,0.24057004128484774,0.022780596442069406,0.24971713888161873,6.603955730322238,1.0380225964459986
S2,opt_b_sorted,q_alt,warm,0.003460047440902475,0.24092707437265648,0.024460726143330995,0.24501758642329238,7.069477098542605,1.0169782165880985
S2,opt_b_sorted,q_empty,cold,0.003648965625084175,0.003648965625084175,0.02666706875273017,0.02666706875273017,7.308117283816563,7.308117283816563
S2,opt_b_sorted,q_empty,warm,0.0036553976560564096,0.0036553976560564096,0.024977936632994427,0.024977936632994427,6.833165357976848,6.833165357976848
S2,opt_b_sorted,q_main,cold,0.003389062677704875,0.00434574971543676,0.02378770306695547,0.24277410626483853,7.018962270436635,55.864723502706156
S2,opt_b_sorted,q_main,warm,0.00360211286817552,0.00453253080696,0.024846330356801453,0.2504296710133728,6.8977101123947255,55.25162027113452
S3,baseline,q_alt,cold,0.24845706333647732,2.494127412356617,0.24845706333647732,2.494127412356617,1.0,1.0
S3,baseline,q_alt,warm,0.2499261272767798,2.518834440269251,0.2499261272767798,2.518834440269251,1.0,1.0
S3,baseline,q_empty,cold,0.25495189757555753,0.25495189757555753,0.25495189757555753,0.25495189757555753,1.0,1.0
S3,baseline,q_empty,warm,0.26421314356865727,0.26421314356865727,0.26421314356865727,0.26421314356865727,1.0,1.0
S3,baseline,q_main,cold,0.2669246282208888,2.5268349396710894,0.2669246282208888,2.5268349396710894,1.0,1.0
S3,baseline,q_main,warm,0.26315235060587916,2.4434292143789302,0.26315235060587916,2.4434292143789302,1.0,1.0
S3,opt_a_checkpoint,q_alt,cold,0.08055598807129102,2.3618203588645006,0.24845706333647732,2.494127412356617,3.084278019364569,1.0560191011122142
S3,opt_a_checkpoint,q_alt,warm,0.08885024418462846,2.448561406936955,0.2499261272767798,2.518834440269251,2.8128918448151916,1.028699722675203
S3,opt_a_checkpoint,q_empty,cold,0.08405554687050898,0.08405554687050898,0.25495189757555753,0.25495189757555753,3.0331359091425742,3.0331359091425742
S3,opt_a_checkpoint,q_empty,warm,0.08181139410648451,0.08181139410648451,0.26421314356865727,0.26421314356865727,3.2295396803134944,3.2295396803134944
S3,opt_a_checkpoint,q_main,cold,0.08205219823337061,2.3893451269471284,0.2669246282208888,2.5268349396710894,3.2531075823429996,1.0575428853594007
S3,opt_a_checkpoint,q_main,warm,0.08603193539498336,2.346732561492343,0.26315235060587916,2.4434292143789302,3.058775202460736,1.0412048029985552
S3,opt_b_sorted,q_alt,cold,0.03423991524069362,2.4204986180060497,0.24845706333647732,2.494127412356617,7.256357429331188,1.030418854116604
S3,opt_b_sorted,q_alt,warm,0.035244888340066796,2.2909155575094156,0.2499261272767798,2.518834440269251,7.091131197957602,1.0994881203773477
S3,opt_b_sorted,q_empty,cold,0.03376473907836557,0.03376473907836557,0.25495189757555753,0.25495189757555753,7.550832748443049,7.550832748443049
S3,opt_b_sorted,q_empty,warm,0.03597640038286532,0.03597640038286532,0.26421314356865727,0.26421314356865727,7.344068354723324,7.344068354723324
S3,opt_b_sorted,q_main,cold,0.03406183440782336,0.044756701264864134,0.2669246282208888,2.5268349396710894,7.836472487799462,56.457130848800055
S3,opt_b_sorted,q_main,warm,0.034321798862565533,0.04462406243834925,0.26315235060587916,2.4434292143789302,7.667207411232078,54.7558666975843
S4,baseline,q_alt,cold,0.5320897280639385,5.1447084023507745,0.5320897280639385,5.1447084023507745,1.0,1.0
S4,baseline,q_alt,warm,0.49960519302429324,5.198802455232546,0.49960519302429324,5.198802455232546,1.0,1.0
S4,baseline,q_empty,cold,0.5007000824951012,0.5007000824951012,0.5007000824951012,0.5007000824951012,1.0,1.0
S4,baseline,q_empty,warm,0.5342266952113691,0.5342266952113691,0.5342266952113691,0.5342266952113691,1.0,1.0
S4,baseline,q_main,cold,0.5103654296110794,5.202335448013032,0.5103654296110794,5.202335448013032,1.0,1.0
S4,baseline,q_main,warm,0.5358809018806162,4.879257692892013,0.5358809018806162,4.879257692892013,1.0,1.0
S4,opt_a_checkpoint,q_alt,cold,0.17028909957560723,4.812532342843604,0.5320897280639385,5.1447084023507745,3.124625882631402,1.0690231329044733
S4,opt_a_checkpoint,q_alt,warm,0.16525861200648093,4.78108930926371,0.49960519302429324,5.198802455232546,3.0231719058895417,1.087367777288637
S4,opt_a_checkpoint,q_empty,cold,0.16618412686054926,0.16618412686054926,0.5007000824951012,0.5007000824951012,3.0129236284717833,3.0129236284717833
S4,opt_a_checkpoint,q_empty,warm,0.1686332938979705,0.1686332938979705,0.5342266952113691,0.5342266952113691,3.1679787713486545,3.1679787713486545
S4,opt_a_checkpoint,q_main,cold,0.16995445261877912,4.8412957305876265,0.5103654296110794,5.202335448013032,3.0029541547573824,1.0745750182423959
S4,opt_a_checkpoint,q_main,warm,0.16965563239872025,4.426339700044595,0.5358809018806162,4.879257692892013,3.1586390283890067,1.1023233695423003
S4,opt_b_sorted,q_alt,cold,0.07288964958754933,4.660897159809751,0.5320897280639385,5.1447084023507745,7.299935327921066,1.1038021706878365
S4,opt_b_sorted,q_alt,warm,0.07443785973941787,4.469239869869053,0.49960519302429324,5.198802455232546,6.711708192218912,1.163240865696669
S4,opt_b_sorted,q_empty,cold,0.06492609683734785,0.06492609683734785,0.5007000824951012,0.5007000824951012,7.711846343535014,7.711846343535014
S4,opt_b_sorted,q_empty,warm,0.07007807619987846,0.07007807619987846,0.5342266952113691,0.5342266952113691,7.623307090902927,7.623307090902927
S4,opt_b_sorted,q_main,cold,0.06807012079830946,0.08903206938241484,0.5103654296110794,5.202335448013032,7.497642484332928,58.4321524154146
S4,opt_b_sorted,q_main,warm,0.07164578077668261,0.08950222722181339,0.5358809018806162,4.879257692892013,7.479587717118168,54.515489103972214
