state,variant,query,mode,t_plan_p50,t_plan_p95,t_plan_mean,t_plan_std,t_plan_cv,t_scan_p50,t_scan_p95,t_scan_mean,t_scan_std,t_scan_cv,t_total_p50,t_total_p95,t_total_mean,t_total_std,t_total_cv,files_selected_mean
S1,baseline,q_alt,cold,0.00235767416006745,0.00263151158024759,0.0023434906804847703,0.00027499052153139383,0.11734227228695861,0.02066180879078415,0.02347431283917307,0.02097232683290674,0.0020523874369328243,0.09786169428336941,0.02309029400643685,0.026044841594528936,0.02331581751339151,0.002117942329618921,0.09083714643084997,100.0
S1,baseline,q_alt,warm,0.00237978784755115,0.0026342467405572746,0.00228087556364677,0.0003148504150890019,0.13803927759461126,0.0207208178181735,0.023076820631386226,0.02022575001898952,0.0021485931930077676,0.10623058185681619,0.0227766062151557,0.02537211580510782,0.022506625582636292,0.0022239531476961017,0.09881326454428008,100.0
S1,baseline,q_empty,cold,0.00199312987205155,0.00265587835373641,0.0021382856667927696,0.00036902799228793586,0.1725812402051236,0.0,0.0,0.0,0.0,,0.00199312987205155,0.00265587835373641,0.0021382856667927696,0.00036902799228793586,0.1725812402051236,0.0
S1,baseline,q_empty,warm,0.00204420127189055,0.002390724831453415,0.00211490232881014,0.00019129023970552636,0.09044873472390931,0.0,0.0,0.0,0.0,,0.00204420127189055,0.002390724831453415,0.00211490232881014,0.00019129023970552636,0.09044873472390931,0.0
S1,baseline,q_main,cold,0.00231355698521805,0.002541943758509775,0.00227043789570396,0.00023636584337747242,0.10410583959363755,0.01992513523987895,0.02380403901854036,0.0206422829643386,0.00186761989282799,0.09047545254827052,0.0223129540663493,0.025956273096712647,0.02291272086004256,0.0018056897699140167,0.07880730450755655,100.0
S1,baseline,q_main,warm,0.0023038643082448,0.0025577742984284747,0.00231512162820433,0.0001983286412116708,0.0856666184599121,0.0192751289168508,0.022520763988859695,0.01941232383099957,0.002165782632842389,0.11156740695742193,0.021727907979137102,0.02473016857669285,0.021727445459203902,0.0021335690480434695,0.098196957946553,100.0
S1,opt_a_checkpoint,q_alt,cold,0.0007546156592535,0.000859531569526975,0.00073071620454813,0.00010606440602121862,0.1451512986314682,0.0203851380793154,0.02325310172281201,0.01992619104221656,0.002783169104181177,0.1396739145120422,0.0210683276709973,0.024091216587320524,0.020656907246764687,0.0027764894446301275,0.13440973575872472,100.0
S1,opt_a_checkpoint,q_alt,warm,0.0006747018130333,0.0007651199339886649,0.00066833604941013,6.775179608066383e-05,0.10137384649602729,0.02128053359786865,0.0238348479560879,0.021249157435826872,0.002051325266511373,0.096536781409166,0.0220162031001166,0.02449552158486777,0.021917493485237,0.002066353521182116,0.09427873322165936,100.0
S1,opt_a_checkpoint,q_empty,cold,0.0007226483573959501,0.000857844575769245,0.00072179259014381,0.00010435297877218666,0.1445747437659278,0.0,0.0,0.0,0.0,,0.0007226483573959501,0.000857844575769245,0.00072179259014381,0.00010435297877218666,0.1445747437659278,0.0
S1,opt_a_checkpoint,q_empty,warm,0.000744039405306,0.00087397642300483,0.00074446754521944,0.00010563606510248753,0.14189478880687828,0.0,0.0,0.0,0.0,,0.000744039405306,0.00087397642300483,0.00074446754521944,0.00010563606510248753,0.14189478880687828,0.0
S1,opt_a_checkpoint,q_main,cold,0.0007186945924191001,0.000845169824782985,0.00072257133382595,8.794292447491885e-05,0.12170829419604705,0.01945431497204515,0.02190036263702339,0.019962082605670763,0.0012775562604712201,0.06399914706836732,0.0202419758598502,0.022649847712838025,0.02068465393949671,0.0012842232636690104,0.062085798845144105,100.0
S1,opt_a_checkpoint,q_main,warm,0.0006979118162745,0.0008546484699288949,0.00070730599418944,0.00010733323819194293,0.1517493688356832,0.02158335659421195,0.023920104253987624,0.02160130491650242,0.0016531624728014004,0.07653067623421486,0.022351113216511398,0.024741271701903125,0.022308610910691862,0.0017330002734215512,0.07768302026330896,100.0
S1,opt_b_sorted,q_alt,cold,0.00031140376751014997,0.000343803355002165,0.00030584977387336,2.9384755151299645e-05,0.09607577857313271,0.0198300323702492,0.023180345435508072,0.020071182459451692,0.002204839236052842,0.10985098862546408,0.020160997697510098,0.023502631074784414,0.02037703223332505,0.0022149866286013424,0.10870015825851737,100.0
S1,opt_b_sorted,q_alt,warm,0.00032709117717504997,0.00035727042209441495,0.00031531405028556003,3.6007366109725255e-05,0.11419524780806836,0.02230019151055375,0.0235204888048187,0.021523128433232692,0.0019829207429752295,0.09212976399441586,0.022638024415011303,0.0238112452737846,0.02183844248351825,0.0019706126245105766,0.09023595093825135,100.0
S1,opt_b_sorted,q_empty,cold,0.00029768986949494996,0.00035090171208156497,0.00030140473739649,3.3608670240867534e-05,0.11150677501348033,0.0,0.0,0.0,0.0,,0.00029768986949494996,0.00035090171208156497,0.00030140473739649,3.3608670240867534e-05,0.11150677501348033,0.0
S1,opt_b_sorted,q_empty,warm,0.0003118826071079,0.00036019075127112,0.00031540943791022,3.214133601591095e-05,0.10190353284564634,0.0,0.0,0.0,0.0,,0.0003118826071079,0.00036019075127112,0.00031540943791022,3.214133601591095e-05,0.10190353284564634,0.0
S1,opt_b_sorted,q_main,cold,0.00032553684517830004,0.000353922762859765,0.00031182655142912,3.8771089717807e-05,0.12433543436284289,0.0001903724204409,0.000231602283559595,0.00019315746001430002,2.8180575341589056e-05,0.1458943151328598,0.00051454380265765,0.000567775374471185,0.00050498401144342,5.35926864102035e-05,0.1061274915556573,1.0
S1,opt_b_sorted,q_main,warm,0.0003281916973948,0.00035226282554145,0.00030598926469720003,4.381570015729817e-05,0.14319358622158584,0.00020487219039634998,0.000227712735291925,0.00020739687076159002,1.2555579098857928e-05,0.06053890327637106,0.00053311963441985,0.000557032048542495,0.00051338613545879,4.295738791163158e-05,0.08367461632605738,1.0
S2,baseline,q_alt,cold,0.020397579016268652,0.022780596442069406,0.02061126930469463,0.0014073754196912557,0.0682818413017726,0.20200078159388113,0.22850658328886989,0.1977931613583122,0.02147723775916699,0.1085843292643465,0.22252886973178404,0.24971713888161873,0.21840443066300685,0.022167012505390285,0.101495250980478,1000.0
S2,baseline,q_alt,warm,0.0217817027114982,0.024460726143330995,0.02126831974724033,0.0026681409431082866,0.12545142140128354,0.19323092434435168,0.22498037899597906,0.1933695244724464,0.023930512679875626,0.12375534741145588,0.21405551278576385,0.24501758642329238,0.2146378442196867,0.0245530077701972,0.11439272444921986,1000.0
S2,baseline,q_empty,cold,0.024028844543786197,0.02666706875273017,0.02291760456101393,0.0033155559887949764,0.1446728858580274,0.0,0.0,0.0,0.0,,0.024028844543786197,0.02666706875273017,0.02291760456101393,0.0033155559887949764,0.1446728858580274,0.0
S2,baseline,q_empty,warm,0.02200931173325055,0.024977936632994427,0.02150650955000205,0.0025239668651267154,0.11735827514262884,0.0,0.0,0.0,0.0,,0.02200931173325055,0.024977936632994427,0.02150650955000205,0.0025239668651267154,0.11735827514262884,0.0
S2,baseline,q_main,cold,0.02048021965154905,0.02378770306695547,0.02068740052663236,0.0020553618246022796,0.09935331517153478,0.1946799960526249,0.22126124716717385,0.1928481638075846,0.022774827735521908,0.11809719774280883,0.2184145881727703,0.24277410626483853,0.21353556433421694,0.023325677590719015,0.10923556300069359,1000.0
S2,baseline,q_main,warm,0.0234381446185289,0.024846330356801453,0.02266007689576764,0.0023844054093358426,0.10522494783683602,0.19480847307382035,0.22846036765812655,0.19602530223643388,0.02006318641881638,0.1023499833435654,0.2165983560866661,0.2504296710133728,0.2186853791322015,0.020020500973942118,0.09154933472639319,1000.0
S2,opt_a_checkpoint,q_alt,cold,0.007235459985503749,0.00811982130496865,0.00727814589957861,0.0007120439565285285,0.09783315233756916,0.20205792339522416,0.2187715312749321,0.19908803106910392,0.01706931418134763,0.08573752068210887,0.2095793483241294,0.22604753127439145,0.2063661769686825,0.01744175682516847,0.08451848593297039,1000.0
S2,opt_a_checkpoint,q_alt,warm,0.00739536279694255,0.008206265158767495,0.0073258201084761805,0.0007231172445814504,0.09870802638803311,0.19353436897939913,0.22404363479634146,0.19598118692999994,0.020891688508211624,0.10660047954334344,0.20124813936964464,0.23039792690883748,0.20330700703847615,0.02070620419782264,0.10184697762976738,1000.0
S2,opt_a_checkpoint,q_empty,cold,0.00794311354518795,0.008499358013638894,0.007804635634776891,0.0006199456611184384,0.07943300496387115,0.0,0.0,0.0,0.0,,0.00794311354518795,0.008499358013638894,0.007804635634776891,0.0006199456611184384,0.07943300496387115,0.0
S2,opt_a_checkpoint,q_empty,warm,0.00662635553933825,0.00837468494332452,0.00688462868658977,0.0009311792188312739,0.1352548207349326,0.0,0.0,0.0,0.0,,0.00662635553933825,0.00837468494332452,0.00688462868658977,0.0009311792188312739,0.1352548207349326,0.0
S2,opt_a_checkpoint,q_main,cold,0.0067246978381865,0.008178825729130205,0.00700045578977421,0.0008276338949165135,0.11822571554918823,0.19921035952544885,0.23449169357018468,0.20134200381300751,0.026398410014738777,0.13111228414740417,0.2066621050130485,0.24201617641484305,0.20834245960278172,0.026872848081242528,0.128984020503921,1000.0
S2,opt_a_checkpoint,q_main,warm,0.0071127058797577,0.008511238682068895,0.007242199877198541,0.00100503721536433,0.1387751280558557,0.17790729905221705,0.22609559701406326,0.18579786139721954,0.024504404003847204,0.13188743842136555,0.18536941697010872,0.23345533026156737,0.19304006127441808,0.024809967616148832,0.12852237743998624,1000.0
S2,opt_b_sorted,q_alt,cold,0.00311837911043985,0.00344953803028565,0.00317949268319028,0.00017920108211922535,0.056361533104525435,0.2182896947278878,0.23733504191874275,0.2105377110960222,0.027600461265212345,0.1310950951329774,0.2215835479774691,0.24057004128484774,0.21371720377921247,0.027682167326280094,0.1295270892411547,1000.0
S2,opt_b_sorted,q_alt,warm,0.0030080154604935,0.003460047440902475,0.00300946558370279,0.00038302992169038705,0.12727506297616942,0.21654462905944216,0.23764109472458625,0.21025402810463092,0.026390068409450844,0.1255151620511074,0.21958485721712684,0.24092707437265648,0.2132634936883337,0.026544451945562573,0.12446786595531917,1000.0
S2,opt_b_sorted,q_empty,cold,0.00319315271437975,0.003648965625084175,0.0032388795559946696,0.0003317426680711197,0.10242513262251907,0.0,0.0,0.0,0.0,,0.00319315271437975,0.003648965625084175,0.0032388795559946696,0.0003317426680711197,0.10242513262251907,0.0
S2,opt_b_sorted,q_empty,warm,0.0031212989688367,0.0036553976560564096,0.00317638847456063,0.0003406620985996097,0.10724824791675752,0.0,0.0,0.0,0.0,,0.0031212989688367,0.0036553976560564096,0.00317638847456063,0.0003406620985996097,0.10724824791675752,0.0
S2,opt_b_sorted,q_main,cold,0.002975011095579,0.003389062677704875,0.00296643556209799,0.00033911635977035385,0.11431779071934947,0.0010282342065445998,0.001160476489732985,0.00101590712220268,0.00012943031651873097,0.1274036904457382,0.00401177797114265,0.00434574971543676,0.00398234268430067,0.000268290651314888,0.06737005641743307,5.0
S2,opt_b_sorted,q_main,warm,0.00306049511771315,0.00360211286817552,0.00312099880371146,0.00032399388710830696,0.1038109616456811,0.0009594609221107,0.001024590566649,0.0009302992098227201,8.483837666974986e-05,0.09119472076722161,0.004051527080057999,0.00453253080696,0.00405129801353418,0.00034702013905346337,0.08565653227537753,5.0
S3,baseline,q_alt,cold,0.22737156323365054,0.24845706333647732,0.22453766313179813,0.020395023265215258,0.09083119054839311,1.8708194819543635,2.2791062523141026,1.8978046492804244,0.24384124514647054,0.1284859562542045,2.090885108625442,2.494127412356617,2.1223423124122225,0.24454393712583453,0.11522360728316704,10000.0
S3,baseline,q_alt,warm,0.2082254092051695,0.2499261272767798,0.21548279405061344,0.026668804884926168,0.123763036405877,1.8861971885404134,2.2791685404673214,1.9447546057340854,0.27798893594595137,0.14294293744120948,2.1042974100525167,2.518834440269251,2.160237399784699,0.28707517863015797,0.13289056964700705,10000.0
S3,baseline,q_empty,cold,0.2168943643165558,0.25495189757555753,0.22088406680365646,0.023113692870193228,0.10464173901116623,0.0,0.0,0.0,0.0,,0.2168943643165558,0.25495189757555753,0.22088406680365646,0.023113692870193228,0.10464173901116623,0.0
S3,baseline,q_empty,warm,0.2218536216999702,0.26421314356865727,0.2212311085351025,0.030195764279430565,0.13648968483399085,0.0,0.0,0.0,0.0,,0.2218536216999702,0.26421314356865727,0.2212311085351025,0.030195764279430565,0.13648968483399085,0.0
S3,baseline,q_main,cold,0.2219161895426825,0.2669246282208888,0.22463954859405638,0.029810893401854246,0.132705454531184,1.760758438619471,2.3025399610306474,1.8564678952216862,0.27417596973853764,0.1476868899506595,2.0044288768031557,2.5268349396710894,2.0811074438157426,0.27271225437690794,0.1310418907910328,10000.0
S3,baseline,q_main,warm,0.2369884718859342,0.26315235060587916,0.22781345944529957,0.03177320760934281,0.13947028277744009,1.8422651413920068,2.230347569880348,1.9162950456352175,0.22150928884419563,0.11559247588137936,2.0847937164145494,2.4434292143789302,2.144108505080517,0.20719549002406007,0.09663479694852445,10000.0
S3,opt_a_checkpoint,q_alt,cold,0.07098499538192495,0.08055598807129102,0.07059809697579053,0.00806309269789054,0.11421119043273266,1.9940520530140449,2.283263899894812,2.0195167689603633,0.1797764307584921,0.08901952859299112,2.0729073705810257,2.3618203588645006,2.0901148659361537,0.18368588977486705,0.08788315549949209,10000.0
S3,opt_a_checkpoint,q_alt,warm,0.08487304033009019,0.08885024418462846,0.07994550949315705,0.010439229365096428,0.13057930872264908,2.1599536769582155,2.371044167798242,2.1481197184061807,0.19598946866357808,0.0912376842799965,2.24721723735924,2.448561406936955,2.2280652278993376,0.19251770249289507,0.08640577487688923,10000.0
S3,opt_a_checkpoint,q_empty,cold,0.0793753547978345,0.08405554687050898,0.07881736355606107,0.003987085236478672,0.050586381687871926,0.0,0.0,0.0,0.0,,0.0793753547978345,0.08405554687050898,0.07881736355606107,0.003987085236478672,0.050586381687871926,0.0
S3,opt_a_checkpoint,q_empty,warm,0.07348657772417569,0.08181139410648451,0.07217062833476084,0.007982547645461378,0.11060659758197781,0.0,0.0,0.0,0.0,,0.07348657772417569,0.08181139410648451,0.07217062833476084,0.007982547645461378,0.11060659758197781,0.0
S3,opt_a_checkpoint,q_main,cold,0.07251766906052026,0.08205219823337061,0.07303940264281693,0.0068334180337114156,0.09355796715820278,1.9219270780281035,2.3193028099575623,1.930322375105759,0.24294465773818744,0.12585703863318526,1.9932864926862668,2.3893451269471284,2.003361777748576,0.23997508909716322,0.11978619726231012,10000.0
S3,opt_a_checkpoint,q_main,warm,0.07554350958668975,0.08603193539498336,0.07317665141060778,0.009920188009658187,0.1355649352413541,1.921681724762815,2.273467013804665,1.968584992745256,0.21114721640936038,0.10725836943159295,1.9888396089613232,2.346732561492343,2.041761644155864,0.21445752158209236,0.10503553252454041,10000.0
S3,opt_b_sorted,q_alt,cold,0.031140380972751153,0.03423991524069362,0.031300408846206176,0.0022987704555184774,0.0734421862287305,1.9552088430330614,2.3885329583597006,2.0533987382544643,0.24797677207869254,0.12076406177666717,1.9833729866675043,2.4204986180060497,2.0846991471006704,0.24882403327356664,0.11935728645527713,10000.0
S3,opt_b_sorted,q_alt,warm,0.029188109973572247,0.035244888340066796,0.029795380964085023,0.004162909524926966,0.13971660674333664,1.9052695049367865,2.2612587747067723,1.9437302233088076,0.2035295225050939,0.10471078756939121,1.9341245856095175,2.2909155575094156,1.9735256042728928,0.20177408114555986,0.10224041720497445,10000.0
S3,opt_b_sorted,q_empty,cold,0.0306575920092811,0.03376473907836557,0.0306157613830986,0.002585185734692424,0.08443970092213918,0.0,0.0,0.0,0.0,,0.0306575920092811,0.03376473907836557,0.0306157613830986,0.002585185734692424,0.08443970092213918,0.0
S3,opt_b_sorted,q_empty,warm,0.03190200155408475,0.03597640038286532,0.031606011822188675,0.003230861003672542,0.10222298915310629,0.0,0.0,0.0,0.0,,0.03190200155408475,0.03597640038286532,0.031606011822188675,0.003230861003672542,0.10222298915310629,0.0
S3,opt_b_sorted,q_main,cold,0.029733045666153653,0.03406183440782336,0.02964993809878596,0.0034685044004014016,0.11698184289104543,0.01019677167347525,0.011772921585688665,0.01005989042647071,0.0014949346843966163,0.14860347588508288,0.039838339468772854,0.044756701264864134,0.03970982852525667,0.0036864476655494257,0.09283464075410781,50.0
S3,opt_b_sorted,q_main,warm,0.0326261397375712,0.034321798862565533,0.03164238657087927,0.0025712832726294548,0.08126072497312281,0.009762830789825,0.011643816981057094,0.00994702607245456,0.0010341326629013283,0.10396400445406116,0.042655074663648054,0.04462406243834925,0.04158941264333384,0.002954363835756527,0.07103644047808085,50.0
S4,baseline,q_alt,cold,0.43859121851336136,0.5320897280639385,0.43969666566218607,0.06613934355575585,0.15042038914748093,3.9208864381878126,4.69832079230633,3.994184531500219,0.5514792821337543,0.13807055677685934,4.33513948217343,5.1447084023507745,4.433881197162405,0.5299603387004429,0.11952515530628265,20000.0
S4,baseline,q_alt,warm,0.4224956796631488,0.49960519302429324,0.41709822196341106,0.05819270870898884,0.13951799754757443,4.233087435483194,4.711197894859644,4.127684782187911,0.4978441478265234,0.12061098996097208,4.5827704760406345,5.198802455232546,4.544783004151323,0.5287608259952656,0.11634457035952692,20000.0
S4,baseline,q_empty,cold,0.4367972663908416,0.5007000824951012,0.4356086027624849,0.04700279835865883,0.10790144652925289,0.0,0.0,0.0,0.0,,0.4367972663908416,0.5007000824951012,0.4356086027624849,0.04700279835865883,0.10790144652925289,0.0
S4,baseline,q_empty,warm,0.48921519982231476,0.5342266952113691,0.46877823206848523,0.07063136851127123,0.15067117813813607,0.0,0.0,0.0,0.0,,0.48921519982231476,0.5342266952113691,0.46877823206848523,0.07063136851127123,0.15067117813813607,0.0
S4,baseline,q_main,cold,0.4749503905305955,0.5103654296110794,0.45586997743045476,0.05316020644679803,0.11661265070895765,4.386356057810707,4.710419192679883,4.3034833402996675,0.3592884890826793,0.08348783082721559,4.807953901453954,5.202335448013032,4.759353317730122,0.35935014317920894,0.07550398535038659,20000.0
S4,baseline,q_main,warm,0.46156502820415257,0.5358809018806162,0.44948929079721534,0.06351535844494537,0.1413056100453347,4.020752250615126,4.499698425545759,4.039029452239864,0.3709759034610466,0.09184778369351082,4.519156282834276,4.879257692892013,4.488518743037081,0.3441251926875297,0.07666787472400821,20000.0
S4,opt_a_checkpoint,q_alt,cold,0.1375955913353069,0.17028909957560723,0.14243515679253965,0.020334507001618773,0.14276325774848192,4.018225146828578,4.664749930634919,4.049441244223305,0.5489462580001139,0.1355609885149484,4.165405205688472,4.812532342843604,4.191876401015845,0.5507121591407855,0.13137604892341956,20000.0
S4,opt_a_checkpoint,q_alt,warm,0.14515937103708304,0.16525861200648093,0.14490743651672172,0.01748159277786558,0.12063972145313796,3.737666882532477,4.659798045586106,3.885224064652289,0.557656775597019,0.14353271943066864,3.8875940546748122,4.78108930926371,4.030131501169011,0.5482806714828194,0.13604535517607327,20000.0
S4,opt_a_checkpoint,q_empty,cold,0.15046426936939306,0.16618412686054926,0.15043296629842248,0.011856897351368021,0.0788184773797973,0.0,0.0,0.0,0.0,,0.15046426936939306,0.16618412686054926,0.15043296629842248,0.011856897351368021,0.0788184773797973,0.0
S4,opt_a_checkpoint,q_empty,warm,0.1439309076357303,0.1686332938979705,0.14613268481341116,0.018559622366039558,0.12700527872828263,0.0,0.0,0.0,0.0,,0.1439309076357303,0.1686332938979705,0.14613268481341116,0.018559622366039558,0.12700527872828263,0.0
S4,opt_a_checkpoint,q_main,cold,0.15328848453545274,0.16995445261877912,0.1490304555340992,0.015760238308040048,0.10575179584305838,3.997548471345903,4.704126799314018,4.130114576382865,0.4224665274233,0.10228929963325478,4.147419136727786,4.8412957305876265,4.279145031916964,0.41886302436261663,0.09788474595706215,20000.0
S4,opt_a_checkpoint,q_main,warm,0.14835551376041378,0.16965563239872025,0.1470407070442325,0.018028941309881787,0.12261190572525169,3.7928004993979365,4.3004470690908185,3.7520114244250715,0.38358009549337013,0.10223318964231216,3.939654115216854,4.426339700044595,3.899052131469304,0.37222556123920086,0.0954656538790449,20000.0
S4,opt_b_sorted,q_alt,cold,0.062499340083355955,0.07288964958754933,0.062150173033865,0.008090100038319595,0.13017019331404567,4.3197035538045485,4.598196167978362,4.150487513448782,0.43232278671464497,0.10416192924657498,4.380730823966891,4.660897159809751,4.212637686482647,0.4305395957495801,0.10220190479021715,20000.0
S4,opt_b_sorted,q_alt,warm,0.06639732132096879,0.07443785973941787,0.06687922587487027,0.005692665655469014,0.0851185937187712,3.679483534291121,4.400122826684664,3.729258598870384,0.45703425470798587,0.1225536504350823,3.7459445802403737,4.469239869869053,3.796137824745254,0.45575015844092304,0.1200562728439679,20000.0
S4,opt_b_sorted,q_empty,cold,0.0602209134210262,0.06492609683734785,0.05968058266675502,0.0038141907226552636,0.06391007849157533,0.0,0.0,0.0,0.0,,0.0602209134210262,0.06492609683734785,0.05968058266675502,0.0038141907226552636,0.06391007849157533,0.0
S4,opt_b_sorted,q_empty,warm,0.0614656256441178,0.07007807619987846,0.0617123270855595,0.0058260066266058305,0.09440588131652385,0.0,0.0,0.0,0.0,,0.0614656256441178,0.07007807619987846,0.0617123270855595,0.0058260066266058305,0.09440588131652385,0.0
S4,opt_b_sorted,q_main,cold,0.062131630065036296,0.06807012079830946,0.062144703360610024,0.004939109568785037,0.07947756287651148,0.0215752316625938,0.023745557678992304,0.02067707811472367,0.0028989399622058416,0.140200658242016,0.08312806970163295,0.08903206938241484,0.08282178147533369,0.004629548313573855,0.05589771472076637,100.0
S4,opt_b_sorted,q_main,warm,0.06366177672127721,0.07164578077668261,0.06433041990558529,0.004683272977489786,0.07280028615331913,0.0201093158649832,0.022439544382134177,0.019556634380049932,0.0023611398891731188,0.12073344744746874,0.08351602967985655,0.08950222722181339,0.08388705428563523,0.004038628787489291,0.04814364769250055,100.0
