state,variant,query,mode,run,t_load,t_prune,t_plan,t_scan,n_files_total,files_selected,rows,expected_rows,hardware
S4,baseline,q_main,cold,0,0.3995046670006559,0.00228320799942594,0.40178787500008184,2.396167916000195,20000,8184,473,473,Macbook-Pro-Gaohonggg.local|macOS-26.6.2-arm64-arm-64bit|cpu=12
S4,baseline,q_alt,cold,0,0.33037237499956973,0.005069708000519313,0.33544208300008904,5.549026665999918,20000,19876,1030,1030,Macbook-Pro-Gaohonggg.local|macOS-26.6.2-arm64-arm-64bit|cpu=12
S4,baseline,q_empty,cold,0,0.334424915999989,0.00022191700008988846,0.3346468330000789,1.915999746415764e-06,20000,0,0,0,Macbook-Pro-Gaohonggg.local|macOS-26.6.2-arm64-arm-64bit|cpu=12
S4,opt_a_checkpoint,q_main,cold,0,0.1571414170011849,0.002283707999595208,0.1594251250007801,2.9650429580015043,20000,8184,473,473,Macbook-Pro-Gaohonggg.local|macOS-26.6.2-arm64-arm-64bit|cpu=12
S4,opt_a_checkpoint,q_alt,cold,0,0.15067933299906144,0.004911292000542744,0.1555906249996042,6.451766582998971,20000,19876,1030,1030,Macbook-Pro-Gaohonggg.local|macOS-26.6.2-arm64-arm-64bit|cpu=12
S4,opt_a_checkpoint,q_empty,cold,0,0.15262458399956813,0.00024362499971175566,0.1528682089992799,1.1669999366858974e-06,20000,0,0,0,Macbook-Pro-Gaohonggg.local|macOS-26.6.2-arm64-arm-64bit|cpu=12
S4,opt_b_sorted,q_main,cold,0,0.15447162499913247,0.00022058300055505242,0.15469220799968753,0.020144459000221104,20000,10,473,473,Macbook-Pro-Gaohonggg.local|macOS-26.6.2-arm64-arm-64bit|cpu=12
S4,opt_b_sorted,q_alt,cold,0,0.15501754200158757,0.005066291998446104,0.16008383400003368,5.116903500000262,20000,19888,1030,1030,Macbook-Pro-Gaohonggg.local|macOS-26.6.2-arm64-arm-64bit|cpu=12
S4,opt_b_sorted,q_empty,cold,0,0.1564709589983977,0.00022491600066132378,0.15669587499905901,9.999985195463523e-07,20000,0,0,0,Macbook-Pro-Gaohonggg.local|macOS-26.6.2-arm64-arm-64bit|cpu=12
S4,baseline,q_main,cold,1,0.34397429099954024,0.0023183749999589054,0.34629266599949915,2.1391524160007975,20000,8184,473,473,Macbook-Pro-Gaohonggg.local|macOS-26.6.2-arm64-arm-64bit|cpu=12
S4,baseline,q_alt,cold,1,0.3267232090001926,0.00521616599871777,0.33193937499891035,5.349582000000737,20000,19876,1030,1030,Macbook-Pro-Gaohonggg.local|macOS-26.6.2-arm64-arm-64bit|cpu=12
S4,baseline,q_empty,cold,1,0.3308203750002576,0.00022412500038626604,0.3310445000006439,1.6249996406259015e-06,20000,0,0,0,Macbook-Pro-Gaohonggg.local|macOS-26.6.2-arm64-arm-64bit|cpu=12
S4,opt_a_checkpoint,q_main,cold,1,0.15107037499910803,0.0022322500008158386,0.15330262499992386,2.1052847920000204,20000,8184,473,473,Macbook-Pro-Gaohonggg.local|macOS-26.6.2-arm64-arm-64bit|cpu=12
S4,opt_a_checkpoint,q_alt,cold,1,0.15274766699985776,0.0049894580006366596,0.15773712500049442,5.492120333999992,20000,19876,1030,1030,Macbook-Pro-Gaohonggg.local|macOS-26.6.2-arm64-arm-64bit|cpu=12
S4,opt_a_checkpoint,q_empty,cold,1,0.15380691599966667,0.00024574999952164944,0.15405266599918832,9.57999873207882e-07,20000,0,0,0,Macbook-Pro-Gaohonggg.local|macOS-26.6.2-arm64-arm-64bit|cpu=12
S4,opt_b_sorted,q_main,cold,1,0.15493229100138706,0.00027083399982075207,0.1552031250012078,0.020365083000797313,20000,10,473,473,Macbook-Pro-Gaohonggg.local|macOS-26.6.2-arm64-arm-64bit|cpu=12
S4,opt_b_sorted,q_alt,cold,1,0.15414666700053203,0.005174957999770413,0.15932162500030245,5.096112124998399,20000,19888,1030,1030,Macbook-Pro-Gaohonggg.local|macOS-26.6.2-arm64-arm-64bit|cpu=12
S4,opt_b_sorted,q_empty,cold,1,0.15524116699998558,0.00025270799960708246,0.15549387499959266,9.590003173798323e-07,20000,0,0,0,Macbook-Pro-Gaohonggg.local|macOS-26.6.2-arm64-arm-64bit|cpu=12
S4,baseline,q_main,cold,2,0.34139616699940234,0.0024284580013045343,0.3438246250007069,2.0926896250002756,20000,8184,473,473,Macbook-Pro-Gaohonggg.local|macOS-26.6.2-arm64-arm-64bit|cpu=12
S4,baseline,q_alt,cold,2,0.3330912919991533,0.005189458001041203,0.33828075000019453,5.1903714580003,20000,19876,1030,1030,Macbook-Pro-Gaohonggg.local|macOS-26.6.2-arm64-arm-64bit|cpu=12
S4,baseline,q_empty,cold,2,0.33849033300066367,0.00023808399964764249,0.3387284170003113,1.6670001059537753e-06,20000,0,0,0,Macbook-Pro-Gaohonggg.local|macOS-26.6.2-arm64-arm-64bit|cpu=12
S4,opt_a_checkpoint,q_main,cold,2,0.15223270800015598,0.002292291999765439,0.15452499999992142,2.0991063340006804,20000,8184,473,473,Macbook-Pro-Gaohonggg.local|macOS-26.6.2-arm64-arm-64bit|cpu=12
S4,opt_a_checkpoint,q_alt,cold,2,0.15093825000076322,0.005114666999361361,0.15605291700012458,5.056373541998255,20000,19876,1030,1030,Macbook-Pro-Gaohonggg.local|macOS-26.6.2-arm64-arm-64bit|cpu=12
S4,opt_a_checkpoint,q_empty,cold,2,0.1530552500007616,0.0002815830011968501,0.15333683300195844,1.2919990695081651e-06,20000,0,0,0,Macbook-Pro-Gaohonggg.local|macOS-26.6.2-arm64-arm-64bit|cpu=12
S4,opt_b_sorted,q_main,cold,2,0.15527833400119562,0.00024199999825214036,0.15552033399944776,0.01950287500221748,20000,10,473,473,Macbook-Pro-Gaohonggg.local|macOS-26.6.2-arm64-arm-64bit|cpu=12
S4,opt_b_sorted,q_alt,cold,2,0.1549698749986419,0.005217041998548666,0.16018691699719056,5.115630582997255,20000,19888,1030,1030,Macbook-Pro-Gaohonggg.local|macOS-26.6.2-arm64-arm-64bit|cpu=12
S4,opt_b_sorted,q_empty,cold,2,0.15513437499976135,0.00023641700317966752,0.15537079200294102,1.1250012903474271e-06,20000,0,0,0,Macbook-Pro-Gaohonggg.local|macOS-26.6.2-arm64-arm-64bit|cpu=12
S4,baseline,q_main,cold,3,0.33585800000219024,0.002432457997201709,0.33829045799939195,2.132377958001598,20000,8184,473,473,Macbook-Pro-Gaohonggg.local|macOS-26.6.2-arm64-arm-64bit|cpu=12
S4,baseline,q_alt,cold,3,0.3290335409983527,0.0051228340016677976,0.3341563750000205,5.12887658299951,20000,19876,1030,1030,Macbook-Pro-Gaohonggg.local|macOS-26.6.2-arm64-arm-64bit|cpu=12
S4,baseline,q_empty,cold,3,0.33136279199970886,0.00023912500182632357,0.3316019170015352,2.082997525576502e-06,20000,0,0,0,Macbook-Pro-Gaohonggg.local|macOS-26.6.2-arm64-arm-64bit|cpu=12
S4,opt_a_checkpoint,q_main,cold,3,0.15016354199906345,0.002364042000408517,0.15252758399947197,2.111212499999965,20000,8184,473,473,Macbook-Pro-Gaohonggg.local|macOS-26.6.2-arm64-arm-64bit|cpu=12
S4,opt_a_checkpoint,q_alt,cold,3,0.1502585000016552,0.005051790998550132,0.15531029100020532,5.121417833001033,20000,19876,1030,1030,Macbook-Pro-Gaohonggg.local|macOS-26.6.2-arm64-arm-64bit|cpu=12
S4,opt_a_checkpoint,q_empty,cold,3,0.1502112499983923,0.00023866700212238356,0.1504499170005147,1.5419973351527005e-06,20000,0,0,0,Macbook-Pro-Gaohonggg.local|macOS-26.6.2-arm64-arm-64bit|cpu=12
S4,opt_b_sorted,q_main,cold,3,0.1546857089997502,0.0002661660000740085,0.1549518749998242,0.020173000000795582,20000,10,473,473,Macbook-Pro-Gaohonggg.local|macOS-26.6.2-arm64-arm-64bit|cpu=12
S4,opt_b_sorted,q_alt,cold,3,0.1574452079985349,0.005054375000327127,0.16249958299886202,5.272218666999834,20000,19888,1030,1030,Macbook-Pro-Gaohonggg.local|macOS-26.6.2-arm64-arm-64bit|cpu=12
S4,opt_b_sorted,q_empty,cold,3,0.1534351250011241,0.0002260410001326818,0.1536611660012568,1.2499986041802913e-06,20000,0,0,0,Macbook-Pro-Gaohonggg.local|macOS-26.6.2-arm64-arm-64bit|cpu=12
S4,baseline,q_main,cold,4,0.3438544999989972,0.0022677080014545936,0.3461222080004518,2.105808791002346,20000,8184,473,473,Macbook-Pro-Gaohonggg.local|macOS-26.6.2-arm64-arm-64bit|cpu=12
S4,baseline,q_alt,cold,4,0.3367267499997979,0.005192374999751337,0.34191912499954924,5.209964542002126,20000,19876,1030,1030,Macbook-Pro-Gaohonggg.local|macOS-26.6.2-arm64-arm-64bit|cpu=12
S4,baseline,q_empty,cold,4,0.3290280840010382,0.0002398329997959081,0.32926791700083413,1.4170000213198364e-06,20000,0,0,0,Macbook-Pro-Gaohonggg.local|macOS-26.6.2-arm64-arm-64bit|cpu=12
S4,opt_a_checkpoint,q_main,cold,4,0.14695695900081773,0.002326916001038626,0.14928387500185636,2.0870986660011113,20000,8184,473,473,Macbook-Pro-Gaohonggg.local|macOS-26.6.2-arm64-arm-64bit|cpu=12
S4,opt_a_checkpoint,q_alt,cold,4,0.15032670800064807,0.00509345799946459,0.15542016600011266,5.326534834002814,20000,19876,1030,1030,Macbook-Pro-Gaohonggg.local|macOS-26.6.2-arm64-arm-64bit|cpu=12
S4,opt_a_checkpoint,q_empty,cold,4,0.15841879200161202,0.0002638750011101365,0.15868266700272216,1.0830008250195533e-06,20000,0,0,0,Macbook-Pro-Gaohonggg.local|macOS-26.6.2-arm64-arm-64bit|cpu=12
S4,opt_b_sorted,q_main,cold,4,0.15275020899935043,0.00023554099971079268,0.15298574999906123,0.019915417000447633,20000,10,473,473,Macbook-Pro-Gaohonggg.local|macOS-26.6.2-arm64-arm-64bit|cpu=12
S4,opt_b_sorted,q_alt,cold,4,0.15840150000076392,0.005337916998541914,0.16373941699930583,5.568882040999597,20000,19888,1030,1030,Macbook-Pro-Gaohonggg.local|macOS-26.6.2-arm64-arm-64bit|cpu=12
S4,opt_b_sorted,q_empty,cold,4,0.18570741599978646,0.00028324999948381446,0.18599066599927028,1.0830008250195533e-06,20000,0,0,0,Macbook-Pro-Gaohonggg.local|macOS-26.6.2-arm64-arm-64bit|cpu=12
S4,baseline,q_main,cold,5,0.39315412499854574,0.002369458001339808,0.39552358299988555,2.3244510410004295,20000,8184,473,473,Macbook-Pro-Gaohonggg.local|macOS-26.6.2-arm64-arm-64bit|cpu=12
S4,baseline,q_alt,cold,5,0.3379685410000093,0.005020250002417015,0.3429887910024263,5.8814929999971355,20000,19876,1030,1030,Macbook-Pro-Gaohonggg.local|macOS-26.6.2-arm64-arm-64bit|cpu=12
S4,baseline,q_empty,cold,5,0.34396666700195055,0.00022974999956204556,0.3441964170015126,1.7499987734481692e-06,20000,0,0,0,Macbook-Pro-Gaohonggg.local|macOS-26.6.2-arm64-arm-64bit|cpu=12
S4,opt_a_checkpoint,q_main,cold,5,0.1483645840016834,0.002260332999867387,0.15062491700155078,2.5555805830008467,20000,8184,473,473,Macbook-Pro-Gaohonggg.local|macOS-26.6.2-arm64-arm-64bit|cpu=12
S4,opt_a_checkpoint,q_alt,cold,5,0.15270179199796985,0.005026375001762062,0.1577281669997319,5.940115125002194,20000,19876,1030,1030,Macbook-Pro-Gaohonggg.local|macOS-26.6.2-arm64-arm-64bit|cpu=12
S4,opt_a_checkpoint,q_empty,cold,5,0.1535017499991227,0.00021216700042714365,0.15371391699954984,1.4170000213198364e-06,20000,0,0,0,Macbook-Pro-Gaohonggg.local|macOS-26.6.2-arm64-arm-64bit|cpu=12
S4,opt_b_sorted,q_main,cold,5,0.15571770799942897,0.0002316249992873054,0.15594933299871627,0.01942008300102316,20000,10,473,473,Macbook-Pro-Gaohonggg.local|macOS-26.6.2-arm64-arm-64bit|cpu=12
S4,opt_b_sorted,q_alt,cold,5,0.1579396250017453,0.005059832998085767,0.16299945799983107,5.177550874999724,20000,19888,1030,1030,Macbook-Pro-Gaohonggg.local|macOS-26.6.2-arm64-arm-64bit|cpu=12
S4,opt_b_sorted,q_empty,cold,5,0.1627352499999688,0.0002288329997099936,0.1629640829996788,1.1250012903474271e-06,20000,0,0,0,Macbook-Pro-Gaohonggg.local|macOS-26.6.2-arm64-arm-64bit|cpu=12
S4,baseline,q_main,cold,6,0.33564216600279906,0.0024581249999755528,0.3381002910027746,2.088214457999129,20000,8184,473,473,Macbook-Pro-Gaohonggg.local|macOS-26.6.2-arm64-arm-64bit|cpu=12
S4,baseline,q_alt,cold,6,0.33646924999993644,0.005041958000219893,0.34151120800015633,5.176851332998922,20000,19876,1030,1030,Macbook-Pro-Gaohonggg.local|macOS-26.6.2-arm64-arm-64bit|cpu=12
S4,baseline,q_empty,cold,6,0.34613879199969233,0.00022700000045006163,0.3463657920001424,1.624997821636498e-06,20000,0,0,0,Macbook-Pro-Gaohonggg.local|macOS-26.6.2-arm64-arm-64bit|cpu=12
S4,opt_a_checkpoint,q_main,cold,6,0.15412724999987404,0.002279249998537125,0.15640649999841116,2.1374362079986895,20000,8184,473,473,Macbook-Pro-Gaohonggg.local|macOS-26.6.2-arm64-arm-64bit|cpu=12
S4,opt_a_checkpoint,q_alt,cold,6,0.15458458400098607,0.005083208001451567,0.15966779200243764,5.502518165998481,20000,19876,1030,1030,Macbook-Pro-Gaohonggg.local|macOS-26.6.2-arm64-arm-64bit|cpu=12
S4,opt_a_checkpoint,q_empty,cold,6,0.15052162500069244,0.0002133329981006682,0.1507349579987931,1.1660013115033507e-06,20000,0,0,0,Macbook-Pro-Gaohonggg.local|macOS-26.6.2-arm64-arm-64bit|cpu=12
S4,opt_b_sorted,q_main,cold,6,0.1555048340014764,0.00023562500064144842,0.15574045900211786,0.019974917002400616,20000,10,473,473,Macbook-Pro-Gaohonggg.local|macOS-26.6.2-arm64-arm-64bit|cpu=12
S4,opt_b_sorted,q_alt,cold,6,0.15637904199684272,0.005150583001523046,0.16152962499836576,5.182506624998496,20000,19888,1030,1030,Macbook-Pro-Gaohonggg.local|macOS-26.6.2-arm64-arm-64bit|cpu=12
S4,opt_b_sorted,q_empty,cold,6,0.15759841700128163,0.0002152499982912559,0.1578136669995729,1.1660013115033507e-06,20000,0,0,0,Macbook-Pro-Gaohonggg.local|macOS-26.6.2-arm64-arm-64bit|cpu=12
S4,baseline,q_main,cold,7,0.3334927500000049,0.0024470839998684824,0.33593983399987337,2.108617290999973,20000,8184,473,473,Macbook-Pro-Gaohonggg.local|macOS-26.6.2-arm64-arm-64bit|cpu=12
S4,baseline,q_alt,cold,7,0.33866679199854843,0.005307583000103477,0.3439743749986519,5.453943417000119,20000,19876,1030,1030,Macbook-Pro-Gaohonggg.local|macOS-26.6.2-arm64-arm-64bit|cpu=12
S4,baseline,q_empty,cold,7,0.33904529200299294,0.00022600000011152588,0.33927129200310446,1.5000005078036338e-06,20000,0,0,0,Macbook-Pro-Gaohonggg.local|macOS-26.6.2-arm64-arm-64bit|cpu=12
S4,opt_a_checkpoint,q_main,cold,7,0.1517989169988141,0.002331292002054397,0.1541302090008685,2.194907917000819,20000,8184,473,473,Macbook-Pro-Gaohonggg.local|macOS-26.6.2-arm64-arm-64bit|cpu=12
S4,opt_a_checkpoint,q_alt,cold,7,0.1528242919994227,0.0049899580008059274,0.15781425000022864,5.2103222500009,20000,19876,1030,1030,Macbook-Pro-Gaohonggg.local|macOS-26.6.2-arm64-arm-64bit|cpu=12
S4,opt_a_checkpoint,q_empty,cold,7,0.14961162499821512,0.00022833299954072572,0.14983995799775585,1.2500022421590984e-06,20000,0,0,0,Macbook-Pro-Gaohonggg.local|macOS-26.6.2-arm64-arm-64bit|cpu=12
S4,opt_b_sorted,q_main,cold,7,0.15500120800061268,0.0002700829973036889,0.15527129099791637,0.019082208000327228,20000,10,473,473,Macbook-Pro-Gaohonggg.local|macOS-26.6.2-arm64-arm-64bit|cpu=12
S4,opt_b_sorted,q_alt,cold,7,0.15641141699961736,0.005167082999832928,0.1615784999994503,5.213593125001353,20000,19888,1030,1030,Macbook-Pro-Gaohonggg.local|macOS-26.6.2-arm64-arm-64bit|cpu=12
S4,opt_b_sorted,q_empty,cold,7,0.15984712499994203,0.00023150000197347254,0.1600786250019155,1.167001755675301e-06,20000,0,0,0,Macbook-Pro-Gaohonggg.local|macOS-26.6.2-arm64-arm-64bit|cpu=12
S4,baseline,q_main,cold,8,0.3528442909992009,0.0024356670000997838,0.3552799579993007,2.264556417001586,20000,8184,473,473,Macbook-Pro-Gaohonggg.local|macOS-26.6.2-arm64-arm-64bit|cpu=12
S4,baseline,q_alt,cold,8,0.336536167000304,0.005269625002256362,0.34180579200256034,5.193127209000522,20000,19876,1030,1030,Macbook-Pro-Gaohonggg.local|macOS-26.6.2-arm64-arm-64bit|cpu=12
S4,baseline,q_empty,cold,8,0.3396194580018346,0.00025520800045342185,0.339874666002288,1.6659978427924216e-06,20000,0,0,0,Macbook-Pro-Gaohonggg.local|macOS-26.6.2-arm64-arm-64bit|cpu=12
S4,opt_a_checkpoint,q_main,cold,8,0.15132295899820747,0.002367291002883576,0.15369025000109104,2.1319018750000396,20000,8184,473,473,Macbook-Pro-Gaohonggg.local|macOS-26.6.2-arm64-arm-64bit|cpu=12
S4,opt_a_checkpoint,q_alt,cold,8,0.15672320800149464,0.00527370800045901,0.16199691600195365,5.139181665999786,20000,19876,1030,1030,Macbook-Pro-Gaohonggg.local|macOS-26.6.2-arm64-arm-64bit|cpu=12
S4,opt_a_checkpoint,q_empty,cold,8,0.151939167000819,0.00022887499653734267,0.15216804199735634,1.1669981176964939e-06,20000,0,0,0,Macbook-Pro-Gaohonggg.local|macOS-26.6.2-arm64-arm-64bit|cpu=12
S4,opt_b_sorted,q_main,cold,8,0.15598325000246405,0.00027187500018044375,0.1562551250026445,0.020493041000008816,20000,10,473,473,Macbook-Pro-Gaohonggg.local|macOS-26.6.2-arm64-arm-64bit|cpu=12
S4,opt_b_sorted,q_alt,cold,8,0.15308020900192787,0.005000874996767379,0.15808108399869525,5.361371499999223,20000,19888,1030,1030,Macbook-Pro-Gaohonggg.local|macOS-26.6.2-arm64-arm-64bit|cpu=12
S4,opt_b_sorted,q_empty,cold,8,0.1731842500012135,0.00022316700051305816,0.17340741700172657,1.1250012903474271e-06,20000,0,0,0,Macbook-Pro-Gaohonggg.local|macOS-26.6.2-arm64-arm-64bit|cpu=12
S4,baseline,q_main,cold,9,0.35417020800014143,0.002506917000573594,0.356677125000715,2.489043875000789,20000,8184,473,473,Macbook-Pro-Gaohonggg.local|macOS-26.6.2-arm64-arm-64bit|cpu=12
S4,baseline,q_alt,cold,9,0.3423574580010609,0.005141582998476224,0.3474990409995371,5.534292415999516,20000,19876,1030,1030,Macbook-Pro-Gaohonggg.local|macOS-26.6.2-arm64-arm-64bit|cpu=12
S4,baseline,q_empty,cold,9,0.332552209001733,0.0002810829973896034,0.3328332919991226,1.7080019460991025e-06,20000,0,0,0,Macbook-Pro-Gaohonggg.local|macOS-26.6.2-arm64-arm-64bit|cpu=12
S4,opt_a_checkpoint,q_main,cold,9,0.154649749998498,0.002367749999393709,0.15701749999789172,2.8280147499972372,20000,8184,473,473,Macbook-Pro-Gaohonggg.local|macOS-26.6.2-arm64-arm-64bit|cpu=12
S4,opt_a_checkpoint,q_alt,cold,9,0.15181466699868906,0.005165000002307352,0.15697966700099641,6.211465084001247,20000,19876,1030,1030,Macbook-Pro-Gaohonggg.local|macOS-26.6.2-arm64-arm-64bit|cpu=12
S4,opt_a_checkpoint,q_empty,cold,9,0.1502279170017573,0.00022162499953992665,0.15044954200129723,1.2090022210031748e-06,20000,0,0,0,Macbook-Pro-Gaohonggg.local|macOS-26.6.2-arm64-arm-64bit|cpu=12
S4,opt_b_sorted,q_main,cold,9,0.15153241699954378,0.00023587499890709296,0.15176829199845088,0.02053804200113518,20000,10,473,473,Macbook-Pro-Gaohonggg.local|macOS-26.6.2-arm64-arm-64bit|cpu=12
S4,opt_b_sorted,q_alt,cold,9,0.1552682499968796,0.005127500000526197,0.1603957499974058,5.226887791999616,20000,19888,1030,1030,Macbook-Pro-Gaohonggg.local|macOS-26.6.2-arm64-arm-64bit|cpu=12
S4,opt_b_sorted,q_empty,cold,9,0.15218350000213832,0.00021062499945401214,0.15239412500159233,1.2499986041802913e-06,20000,0,0,0,Macbook-Pro-Gaohonggg.local|macOS-26.6.2-arm64-arm-64bit|cpu=12
S4,baseline,q_main,warm,0,0.20546037500025705,0.002258542001072783,0.20771891700132983,2.23891737500162,20000,8184,473,473,Macbook-Pro-Gaohonggg.local|macOS-26.6.2-arm64-arm-64bit|cpu=12
S4,baseline,q_alt,warm,0,0.22734924999895156,0.004890457999863429,0.232239707998815,5.685249291000218,20000,19876,1030,1030,Macbook-Pro-Gaohonggg.local|macOS-26.6.2-arm64-arm-64bit|cpu=12
S4,baseline,q_empty,warm,0,0.23083254100129125,0.00012854200031142682,0.23096108300160267,3.249999281251803e-06,20000,0,0,0,Macbook-Pro-Gaohonggg.local|macOS-26.6.2-arm64-arm-64bit|cpu=12
S4,opt_a_checkpoint,q_main,warm,0,0.020151625001744833,0.0022641249997832347,0.022415750001528068,3.0357799579978746,20000,8184,473,473,Macbook-Pro-Gaohonggg.local|macOS-26.6.2-arm64-arm-64bit|cpu=12
S4,opt_a_checkpoint,q_alt,warm,0,0.016512458998477086,0.004751125001348555,0.02126358399982564,6.499787083001138,20000,19876,1030,1030,Macbook-Pro-Gaohonggg.local|macOS-26.6.2-arm64-arm-64bit|cpu=12
S4,opt_a_checkpoint,q_empty,warm,0,0.01747849999810569,0.00011154100138810463,0.017590040999493795,1.915999746415764e-06,20000,0,0,0,Macbook-Pro-Gaohonggg.local|macOS-26.6.2-arm64-arm-64bit|cpu=12
S4,opt_b_sorted,q_main,warm,0,0.01868833299886319,0.00010216699956799857,0.018790499998431187,0.0036707500003103632,20000,10,473,473,Macbook-Pro-Gaohonggg.local|macOS-26.6.2-arm64-arm-64bit|cpu=12
S4,opt_b_sorted,q_alt,warm,0,0.019066333999944618,0.0048182500031543896,0.023884584003099008,5.370027500001015,20000,19888,1030,1030,Macbook-Pro-Gaohonggg.local|macOS-26.6.2-arm64-arm-64bit|cpu=12
S4,opt_b_sorted,q_empty,warm,0,0.019295207999675767,0.00010333300087950192,0.01939854100055527,1.958000211743638e-06,20000,0,0,0,Macbook-Pro-Gaohonggg.local|macOS-26.6.2-arm64-arm-64bit|cpu=12
S4,baseline,q_main,warm,1,0.20696741600113455,0.0022079999980633147,0.20917541599919787,2.173134459000721,20000,8184,473,473,Macbook-Pro-Gaohonggg.local|macOS-26.6.2-arm64-arm-64bit|cpu=12
S4,baseline,q_alt,warm,1,0.21083879100115155,0.0047940840013325214,0.21563287500248407,5.442764999999781,20000,19876,1030,1030,Macbook-Pro-Gaohonggg.local|macOS-26.6.2-arm64-arm-64bit|cpu=12
S4,baseline,q_empty,warm,1,0.21775670799979707,0.00011720899783540517,0.21787391699763248,2.791999577311799e-06,20000,0,0,0,Macbook-Pro-Gaohonggg.local|macOS-26.6.2-arm64-arm-64bit|cpu=12
S4,opt_a_checkpoint,q_main,warm,1,0.01570625000022119,0.0021128330008650664,0.017819083001086256,2.171130082999298,20000,8184,473,473,Macbook-Pro-Gaohonggg.local|macOS-26.6.2-arm64-arm-64bit|cpu=12
S4,opt_a_checkpoint,q_alt,warm,1,0.017207166998559842,0.004894082998362137,0.02210124999692198,5.957984917000431,20000,19876,1030,1030,Macbook-Pro-Gaohonggg.local|macOS-26.6.2-arm64-arm-64bit|cpu=12
S4,opt_a_checkpoint,q_empty,warm,1,0.018000583000684856,0.0001200420010718517,0.018120625001756707,2.249998942716047e-06,20000,0,0,0,Macbook-Pro-Gaohonggg.local|macOS-26.6.2-arm64-arm-64bit|cpu=12
S4,opt_b_sorted,q_main,warm,1,0.019622874999186024,0.00012616599997272715,0.01974904099915875,0.0036199999995005783,20000,10,473,473,Macbook-Pro-Gaohonggg.local|macOS-26.6.2-arm64-arm-64bit|cpu=12
S4,opt_b_sorted,q_alt,warm,1,0.019976750001660548,0.0049032499991881195,0.024880000000848668,5.417681625000114,20000,19888,1030,1030,Macbook-Pro-Gaohonggg.local|macOS-26.6.2-arm64-arm-64bit|cpu=12
S4,opt_b_sorted,q_empty,warm,1,0.019126415998471202,0.00010129200018127449,0.019227707998652477,1.3749995559919626e-06,20000,0,0,0,Macbook-Pro-Gaohonggg.local|macOS-26.6.2-arm64-arm-64bit|cpu=12
S4,baseline,q_main,warm,2,0.19954395900276722,0.002123832997313002,0.20166779200008023,2.2001513750001322,20000,8184,473,473,Macbook-Pro-Gaohonggg.local|macOS-26.6.2-arm64-arm-64bit|cpu=12
S4,baseline,q_alt,warm,2,0.21302504199775285,0.00501954100036528,0.21804458299811813,5.398828540997783,20000,19876,1030,1030,Macbook-Pro-Gaohonggg.local|macOS-26.6.2-arm64-arm-64bit|cpu=12
S4,baseline,q_empty,warm,2,0.22263420799936284,0.00011212499885004945,0.2227463329982129,2.7090027288068086e-06,20000,0,0,0,Macbook-Pro-Gaohonggg.local|macOS-26.6.2-arm64-arm-64bit|cpu=12
S4,opt_a_checkpoint,q_main,warm,2,0.016811541998322355,0.0020882079988950863,0.01889974999721744,2.1802267089988163,20000,8184,473,473,Macbook-Pro-Gaohonggg.local|macOS-26.6.2-arm64-arm-64bit|cpu=12
S4,opt_a_checkpoint,q_alt,warm,2,0.015999917002773145,0.004902417000266723,0.02090233400303987,6.132571374997497,20000,19876,1030,1030,Macbook-Pro-Gaohonggg.local|macOS-26.6.2-arm64-arm-64bit|cpu=12
S4,opt_a_checkpoint,q_empty,warm,2,0.01744820800013258,0.00010699999984353781,0.01755520799997612,1.6669982869643718e-06,20000,0,0,0,Macbook-Pro-Gaohonggg.local|macOS-26.6.2-arm64-arm-64bit|cpu=12
S4,opt_b_sorted,q_main,warm,2,0.019969499997387175,0.00010587500219116919,0.020075374999578344,0.0032816249986353796,20000,10,473,473,Macbook-Pro-Gaohonggg.local|macOS-26.6.2-arm64-arm-64bit|cpu=12
S4,opt_b_sorted,q_alt,warm,2,0.018483792002371047,0.005315374997735489,0.023799167000106536,5.620456791999459,20000,19888,1030,1030,Macbook-Pro-Gaohonggg.local|macOS-26.6.2-arm64-arm-64bit|cpu=12
S4,opt_b_sorted,q_empty,warm,2,0.019971958001406165,0.0001150839998445008,0.020087042001250666,2.5419976736884564e-06,20000,0,0,0,Macbook-Pro-Gaohonggg.local|macOS-26.6.2-arm64-arm-64bit|cpu=12
S4,baseline,q_main,warm,3,0.20098725000207196,0.002123499998560874,0.20311075000063283,2.510902209000051,20000,8184,473,473,Macbook-Pro-Gaohonggg.local|macOS-26.6.2-arm64-arm-64bit|cpu=12
S4,baseline,q_alt,warm,3,0.22005516599892871,0.004941333998431219,0.22499649999735993,5.518733291002718,20000,19876,1030,1030,Macbook-Pro-Gaohonggg.local|macOS-26.6.2-arm64-arm-64bit|cpu=12
S4,baseline,q_empty,warm,3,0.24083116600013454,0.00011195900151506066,0.2409431250016496,2.459000825183466e-06,20000,0,0,0,Macbook-Pro-Gaohonggg.local|macOS-26.6.2-arm64-arm-64bit|cpu=12
S4,opt_a_checkpoint,q_main,warm,3,0.016228500000579515,0.0021055830002296716,0.018334083000809187,2.958007583001745,20000,8184,473,473,Macbook-Pro-Gaohonggg.local|macOS-26.6.2-arm64-arm-64bit|cpu=12
S4,opt_a_checkpoint,q_alt,warm,3,0.016794041999673937,0.004960666999977548,0.021754708999651484,6.678930624999339,20000,19876,1030,1030,Macbook-Pro-Gaohonggg.local|macOS-26.6.2-arm64-arm-64bit|cpu=12
S4,opt_a_checkpoint,q_empty,warm,3,0.019956249998358544,0.00011925000217161141,0.020075500000530155,2.2909989638719708e-06,20000,0,0,0,Macbook-Pro-Gaohonggg.local|macOS-26.6.2-arm64-arm-64bit|cpu=12
S4,opt_b_sorted,q_main,warm,3,0.02000433300054283,0.00012191700079711154,0.02012625000133994,0.004158707997703459,20000,10,473,473,Macbook-Pro-Gaohonggg.local|macOS-26.6.2-arm64-arm-64bit|cpu=12
S4,opt_b_sorted,q_alt,warm,3,0.020500540998909855,0.004948124998918502,0.025448665997828357,5.688173667000228,20000,19888,1030,1030,Macbook-Pro-Gaohonggg.local|macOS-26.6.2-arm64-arm-64bit|cpu=12
S4,opt_b_sorted,q_empty,warm,3,0.018928834000689676,9.349999891128391e-05,0.01902233399960096,1.7909987946040928e-06,20000,0,0,0,Macbook-Pro-Gaohonggg.local|macOS-26.6.2-arm64-arm-64bit|cpu=12
S4,baseline,q_main,warm,4,0.20755975000065519,0.002073999999993248,0.20963375000064843,2.1587740420000046,20000,8184,473,473,Macbook-Pro-Gaohonggg.local|macOS-26.6.2-arm64-arm-64bit|cpu=12
S4,baseline,q_alt,warm,4,0.23938550000093528,0.004975957999704406,0.2443614580006397,5.753141334000247,20000,19876,1030,1030,Macbook-Pro-Gaohonggg.local|macOS-26.6.2-arm64-arm-64bit|cpu=12
S4,baseline,q_empty,warm,4,0.22757658299815375,0.00011600000289035961,0.2276925830010441,2.8329995984677225e-06,20000,0,0,0,Macbook-Pro-Gaohonggg.local|macOS-26.6.2-arm64-arm-64bit|cpu=12
S4,opt_a_checkpoint,q_main,warm,4,0.018405582999548642,0.0020678340006270446,0.020473417000175687,2.9618825830002606,20000,8184,473,473,Macbook-Pro-Gaohonggg.local|macOS-26.6.2-arm64-arm-64bit|cpu=12
S4,opt_a_checkpoint,q_alt,warm,4,0.016704500001651468,0.004861207999056205,0.021565708000707673,6.330670790997829,20000,19876,1030,1030,Macbook-Pro-Gaohonggg.local|macOS-26.6.2-arm64-arm-64bit|cpu=12
S4,opt_a_checkpoint,q_empty,warm,4,0.018346083001233637,0.00010774999827845022,0.018453832999512088,2.2089989215601236e-06,20000,0,0,0,Macbook-Pro-Gaohonggg.local|macOS-26.6.2-arm64-arm-64bit|cpu=12
S4,opt_b_sorted,q_main,warm,4,0.01877904099819716,0.00010595900312182494,0.018885000001318986,0.003567625000869157,20000,10,473,473,Macbook-Pro-Gaohonggg.local|macOS-26.6.2-arm64-arm-64bit|cpu=12
S4,opt_b_sorted,q_alt,warm,4,0.018223791998025263,0.004958207999152364,0.023181999997177627,5.664182249998703,20000,19888,1030,1030,Macbook-Pro-Gaohonggg.local|macOS-26.6.2-arm64-arm-64bit|cpu=12
S4,opt_b_sorted,q_empty,warm,4,0.01942224999947939,0.0001021249991026707,0.01952437499858206,1.291002263315022e-06,20000,0,0,0,Macbook-Pro-Gaohonggg.local|macOS-26.6.2-arm64-arm-64bit|cpu=12
S4,baseline,q_main,warm,5,0.2071613330008404,0.0021038750019215513,0.20926520800276194,2.1751322919990344,20000,8184,473,473,Macbook-Pro-Gaohonggg.local|macOS-26.6.2-arm64-arm-64bit|cpu=12
S4,baseline,q_alt,warm,5,0.20780208300129743,0.0049568750000617,0.21275895800135913,5.628015583999513,20000,19876,1030,1030,Macbook-Pro-Gaohonggg.local|macOS-26.6.2-arm64-arm-64bit|cpu=12
S4,baseline,q_empty,warm,5,0.21760054199694423,0.0001167920017905999,0.21771733399873483,2.291999408043921e-06,20000,0,0,0,Macbook-Pro-Gaohonggg.local|macOS-26.6.2-arm64-arm-64bit|cpu=12
S4,opt_a_checkpoint,q_main,warm,5,0.01651437500186148,0.0020791669994650874,0.01859354200132657,2.2028084580015275,20000,8184,473,473,Macbook-Pro-Gaohonggg.local|macOS-26.6.2-arm64-arm-64bit|cpu=12
S4,opt_a_checkpoint,q_alt,warm,5,0.01616329199896427,0.004908874998363899,0.021072166997328168,6.443075333001616,20000,19876,1030,1030,Macbook-Pro-Gaohonggg.local|macOS-26.6.2-arm64-arm-64bit|cpu=12
S4,opt_a_checkpoint,q_empty,warm,5,0.017263958001421997,0.00010250000195810571,0.017366458003380103,1.915999746415764e-06,20000,0,0,0,Macbook-Pro-Gaohonggg.local|macOS-26.6.2-arm64-arm-64bit|cpu=12
S4,opt_b_sorted,q_main,warm,5,0.018173249998653773,0.00010970800212817267,0.018282958000781946,0.0030220830012694933,20000,10,473,473,Macbook-Pro-Gaohonggg.local|macOS-26.6.2-arm64-arm-64bit|cpu=12
S4,opt_b_sorted,q_alt,warm,5,0.01912316599918995,0.004915459001495037,0.024038625000684988,5.757795207999152,20000,19888,1030,1030,Macbook-Pro-Gaohonggg.local|macOS-26.6.2-arm64-arm-64bit|cpu=12
S4,opt_b_sorted,q_empty,warm,5,0.019095042000117246,9.254099859390408e-05,0.01918758299871115,1.5829973563086241e-06,20000,0,0,0,Macbook-Pro-Gaohonggg.local|macOS-26.6.2-arm64-arm-64bit|cpu=12
S4,baseline,q_main,warm,6,0.22866108299785992,0.0020545000006677583,0.23071558299852768,2.4804244580009254,20000,8184,473,473,Macbook-Pro-Gaohonggg.local|macOS-26.6.2-arm64-arm-64bit|cpu=12
S4,baseline,q_alt,warm,6,0.20159541699831607,0.004898457998933736,0.2064938749972498,5.638246833997982,20000,19876,1030,1030,Macbook-Pro-Gaohonggg.local|macOS-26.6.2-arm64-arm-64bit|cpu=12
S4,baseline,q_empty,warm,6,0.22521224999945844,0.00012120799874537624,0.2253334579982038,3.083001502091065e-06,20000,0,0,0,Macbook-Pro-Gaohonggg.local|macOS-26.6.2-arm64-arm-64bit|cpu=12
S4,opt_a_checkpoint,q_main,warm,6,0.01692183300110628,0.0021478329981619027,0.01906966599926818,2.3042307079995226,20000,8184,473,473,Macbook-Pro-Gaohonggg.local|macOS-26.6.2-arm64-arm-64bit|cpu=12
S4,opt_a_checkpoint,q_alt,warm,6,0.01587429099890869,0.004965000000083819,0.02083929099899251,6.202352624997729,20000,19876,1030,1030,Macbook-Pro-Gaohonggg.local|macOS-26.6.2-arm64-arm-64bit|cpu=12
S4,opt_a_checkpoint,q_empty,warm,6,0.018704624999372754,0.00011629200162133202,0.018820917000994086,2.8750000637955964e-06,20000,0,0,0,Macbook-Pro-Gaohonggg.local|macOS-26.6.2-arm64-arm-64bit|cpu=12
S4,opt_b_sorted,q_main,warm,6,0.01851520800119033,0.00012279199654585682,0.018637999997736188,0.003143834001093637,20000,10,473,473,Macbook-Pro-Gaohonggg.local|macOS-26.6.2-arm64-arm-64bit|cpu=12
S4,opt_b_sorted,q_alt,warm,6,0.01878325000143377,0.004962333998264512,0.023745583999698283,5.351917541000148,20000,19888,1030,1030,Macbook-Pro-Gaohonggg.local|macOS-26.6.2-arm64-arm-64bit|cpu=12
S4,opt_b_sorted,q_empty,warm,6,0.01889383399975486,0.00011229099982301705,0.019006124999577878,2.415999915683642e-06,20000,0,0,0,Macbook-Pro-Gaohonggg.local|macOS-26.6.2-arm64-arm-64bit|cpu=12
S4,baseline,q_main,warm,7,0.220067124999332,0.0020597080001607537,0.22212683299949276,2.1651829590009584,20000,8184,473,473,Macbook-Pro-Gaohonggg.local|macOS-26.6.2-arm64-arm-64bit|cpu=12
S4,baseline,q_alt,warm,7,0.21006450000277255,0.005103499999677297,0.21516800000244984,5.476821583000856,20000,19876,1030,1030,Macbook-Pro-Gaohonggg.local|macOS-26.6.2-arm64-arm-64bit|cpu=12
S4,baseline,q_empty,warm,7,0.22266770900023403,0.00011533299766597338,0.2227830419979,2.958000550279394e-06,20000,0,0,0,Macbook-Pro-Gaohonggg.local|macOS-26.6.2-arm64-arm-64bit|cpu=12
S4,opt_a_checkpoint,q_main,warm,7,0.01655958300034399,0.0020722920016851276,0.01863187500202912,2.7369037499993283,20000,8184,473,473,Macbook-Pro-Gaohonggg.local|macOS-26.6.2-arm64-arm-64bit|cpu=12
S4,opt_a_checkpoint,q_alt,warm,7,0.016545624999707798,0.004844666997087188,0.021390291996794986,6.3410907500001485,20000,19876,1030,1030,Macbook-Pro-Gaohonggg.local|macOS-26.6.2-arm64-arm-64bit|cpu=12
S4,opt_a_checkpoint,q_empty,warm,7,0.01708149999831221,0.00010845900033018552,0.017189958998642396,2.0000006770715117e-06,20000,0,0,0,Macbook-Pro-Gaohonggg.local|macOS-26.6.2-arm64-arm-64bit|cpu=12
S4,opt_b_sorted,q_main,warm,7,0.01897754200035706,8.820799848763272e-05,0.019065749998844694,0.003729584001121111,20000,10,473,473,Macbook-Pro-Gaohonggg.local|macOS-26.6.2-arm64-arm-64bit|cpu=12
S4,opt_b_sorted,q_alt,warm,7,0.018189750000601634,0.004876582999713719,0.023066333000315353,6.215329667000333,20000,19888,1030,1030,Macbook-Pro-Gaohonggg.local|macOS-26.6.2-arm64-arm-64bit|cpu=12
S4,opt_b_sorted,q_empty,warm,7,0.019886874997609993,0.0001143750014307443,0.020001249999040738,1.9170001905877143e-06,20000,0,0,0,Macbook-Pro-Gaohonggg.local|macOS-26.6.2-arm64-arm-64bit|cpu=12
S4,baseline,q_main,warm,8,0.22591104100138182,0.0021172090018808376,0.22802825000326266,2.303166790999967,20000,8184,473,473,Macbook-Pro-Gaohonggg.local|macOS-26.6.2-arm64-arm-64bit|cpu=12
S4,baseline,q_alt,warm,8,0.21491783300007228,0.004929708000418032,0.2198475410004903,5.384815124998568,20000,19876,1030,1030,Macbook-Pro-Gaohonggg.local|macOS-26.6.2-arm64-arm-64bit|cpu=12
S4,baseline,q_empty,warm,8,0.2115317089992459,0.0001250829991477076,0.2116567919983936,2.9579969123005867e-06,20000,0,0,0,Macbook-Pro-Gaohonggg.local|macOS-26.6.2-arm64-arm-64bit|cpu=12
S4,opt_a_checkpoint,q_main,warm,8,0.016487166998558678,0.002100875000905944,0.018588041999464622,2.172618250002415,20000,8184,473,473,Macbook-Pro-Gaohonggg.local|macOS-26.6.2-arm64-arm-64bit|cpu=12
S4,opt_a_checkpoint,q_alt,warm,8,0.015345833002356812,0.004917041998851346,0.020262875001208158,5.985192666998046,20000,19876,1030,1030,Macbook-Pro-Gaohonggg.local|macOS-26.6.2-arm64-arm-64bit|cpu=12
S4,opt_a_checkpoint,q_empty,warm,8,0.018679208002140513,0.00010616699728416279,0.018785374999424675,2.0000006770715117e-06,20000,0,0,0,Macbook-Pro-Gaohonggg.local|macOS-26.6.2-arm64-arm-64bit|cpu=12
S4,opt_b_sorted,q_main,warm,8,0.018656708001799416,9.683299867901951e-05,0.018753541000478435,0.0033262090000789613,20000,10,473,473,Macbook-Pro-Gaohonggg.local|macOS-26.6.2-arm64-arm-64bit|cpu=12
S4,opt_b_sorted,q_alt,warm,8,0.01944470799935516,0.005056958998466143,0.024501666997821303,5.2676387910032645,20000,19888,1030,1030,Macbook-Pro-Gaohonggg.local|macOS-26.6.2-arm64-arm-64bit|cpu=12
S4,opt_b_sorted,q_empty,warm,8,0.01900249999744119,0.00011212500248802826,0.01911462499992922,1.8749997252598405e-06,20000,0,0,0,Macbook-Pro-Gaohonggg.local|macOS-26.6.2-arm64-arm-64bit|cpu=12
S4,baseline,q_main,warm,9,0.2088549170002807,0.002087915996526135,0.21094283299680683,2.239207999999053,20000,8184,473,473,Macbook-Pro-Gaohonggg.local|macOS-26.6.2-arm64-arm-64bit|cpu=12
S4,baseline,q_alt,warm,9,0.2056294579997484,0.004928292000840884,0.2105577500005893,5.328434374998324,20000,19876,1030,1030,Macbook-Pro-Gaohonggg.local|macOS-26.6.2-arm64-arm-64bit|cpu=12
S4,baseline,q_empty,warm,9,0.2071439579995058,0.00010920900240307674,0.20725316700190888,2.583001332823187e-06,20000,0,0,0,Macbook-Pro-Gaohonggg.local|macOS-26.6.2-arm64-arm-64bit|cpu=12
S4,opt_a_checkpoint,q_main,warm,9,0.016489540998009034,0.0020656670021708123,0.018555208000179846,2.163200250000955,20000,8184,473,473,Macbook-Pro-Gaohonggg.local|macOS-26.6.2-arm64-arm-64bit|cpu=12
S4,opt_a_checkpoint,q_alt,warm,9,0.016966375002084533,0.004879500000242842,0.021845875002327375,5.287571459000901,20000,19876,1030,1030,Macbook-Pro-Gaohonggg.local|macOS-26.6.2-arm64-arm-64bit|cpu=12
S4,opt_a_checkpoint,q_empty,warm,9,0.018113624999386957,9.541700273985043e-05,0.018209042002126807,1.959000655915588e-06,20000,0,0,0,Macbook-Pro-Gaohonggg.local|macOS-26.6.2-arm64-arm-64bit|cpu=12
S4,opt_b_sorted,q_main,warm,9,0.0187444589973893,0.00011000000085914508,0.018854458998248447,0.0030807500006631017,20000,10,473,473,Macbook-Pro-Gaohonggg.local|macOS-26.6.2-arm64-arm-64bit|cpu=12
S4,opt_b_sorted,q_alt,warm,9,0.01836583299882477,0.004937250003422378,0.02330308300224715,5.2883098750025965,20000,19888,1030,1030,Macbook-Pro-Gaohonggg.local|macOS-26.6.2-arm64-arm-64bit|cpu=12
S4,opt_b_sorted,q_empty,warm,9,0.018677457999729086,0.00010333300087950192,0.018780791000608588,1.7499987734481692e-06,20000,0,0,0,Macbook-Pro-Gaohonggg.local|macOS-26.6.2-arm64-arm-64bit|cpu=12
